DomainOr,Domain,Tech Spend USD,Sales Revenue USD,Social,Employees,Company,Vertical,Tranco,Page Rank,Majestic,Umbrella,Telephones,Emails,Twitter,Facebook,LinkedIn,Google,Pinterest,GitHub,Instagram,Vk,Vimeo,Youtube,TikTok,People,City,State,Zip,Country,First Detected,Last Found,First Indexed,Last Indexed,Exclusion,Compliance
1001tracklists.com,merch.1001tracklists.com,$500,$154813,500000,0,1001Tracklists,Art And Entertainment,22906,609433,55755,94806,ph:+44-1320-210709,info@1001tracklists.com,twitter.com/1001tracklists,facebook.com/1001tracklists,,,,,instagram.com/1001tracklists,,,,,,Sheffield,SYORK,S3,GB,21/12/2021,21/02/2023,03/10/2011,24/02/2023,-,GDPR United Kingdom
bigshoes.com,bigshoes.com,$2000,$247229,1000,1,BigShoes,Style And Fashion,56118,12454997,522683,Outside Top 1m,ph:+1-512-391-9014;+1-800-475-6008,info@bigshoes.com;help@bigshoes.com;sales@bigshoes.com;contact@bigshoes.com,twitter.com/bigshoes,facebook.com/shopbigshoes,,,,,instagram.com/4bigshoes,,,,,N/A - Other - n/a@bigshoes.com; N/A - Director - n/a@bigshoes.com,,KS,66337,US,05/10/2017,17/02/2023,01/03/2000,21/02/2023,-,GDPR United Kingdom
bit-tech.net,store.bit-tech.net,$100,$30391,0,0,bit-tech,Technology And Computing,61432,13828,11984,Outside Top 1m,ph:,editor@bit-tech.net;webmaster@bit-tech.net;hello@bit-tech.net,twitter.com/bittech,facebook.com/bittech,,,,,,,,,,,,,,,20/05/2020,25/01/2023,27/11/2001,17/02/2023,-,GDPR United Kingdom
bl.uk,shop.bl.uk;prints.bl.uk,$2000,$21211730,2000,0,National Life Stories,Art And Entertainment,8608,574,1706,24667,ph:,,twitter.com/BL_Ref_Services,,,,,,,,,,,N/A - Founder - n/a@bl.uk,Greater London,UK,NW1,GB,05/08/2018,20/02/2023,29/01/2003,01/03/2023,-,GDPR United Kingdom
bodyboss.com,bodyboss.com,$2000,$196267,400000,0,BodyBoss CA,Health And Fitness,81196,1768692,Outside Top 1m,Outside Top 1m,ph:,hello@bodyboss.com,twitter.com/bodybossmethod,facebook.com/bodybossmethod,,,pinterest.com/bodybossmethod,,instagram.com/bodybossmethod,,,,,,London,LND,SW1Y,GB,09/04/2020,21/02/2023,17/11/2012,26/02/2023,-,GDPR United Kingdom
boilerroom.tv,checkout.boilerroom.tv,$1000,$221701,1000000,100,BOILER ROOM,Art And Entertainment,122216,413178,42199,Outside Top 1m,ph:,contact@boilerroom.tv;support@boilerroom.tv,twitter.com/boilerroomtv,facebook.com/boilerroom.tv,,,,,instagram.com/boilerroomtv,,,,,,London,LND,W1W,GB,02/11/2018,25/01/2023,19/01/2011,01/03/2023,-,GDPR United Kingdom
brastop.com,brastop.com,$2000,$361437,50000,10,Brastop Limited,Style And Fashion,35027,843627,283777,Outside Top 1m,ph:+1-208-861-1945;+44-208-8611945,support@brastop.com,twitter.com/brastop,facebook.com/brastop,,,pinterest.com/brastop,,instagram.com/brastop,,,youtube.com/user/brastopshop,,,Uxbridge,ENG,UB8,GB,02/10/2020,01/03/2023,09/10/2003,01/03/2023,-,GDPR United Kingdom
breastcancercare.org.uk,shop.breastcancercare.org.uk;breastcancercare.org.uk/*;forum.breastcancercare.org.uk,$1000,$13416,250,0,,Health And Fitness,157332,440208,63889,Outside Top 1m,ph:+44-808-8006000;+44-292-0234073;+44-34-50920817;+44-34-50771893;+44-30-01004442;+44-34-50920838;+44-808-8020133;+44-34-50920800,info@breastcancercare.org.uk,,facebook.com/breastcancercare,,,,,instagram.com/breast_cancer_care,,,youtube.com/user/breastcancercare,,N/A - Marketing - n/a@breastcancercare.org.uk; N/A - Manager - n/a@breastcancercare.org.uk,Glasgow,GLAS,G2,GB,09/12/2016,20/02/2023,01/01/2006,01/03/2023,-,GDPR United Kingdom
burberry.com,employeestore.burberry.com;me.employeestore.burberry.com,$5000,$584990,10000000,10000,Burberry,Shopping,6620,398364,4833,16938,ph:+1-203-402-1444;+1-810-800-9621;+1-877-217-4085;+44-207-8061328,,twitter.com/burberry,facebook.com/burberry,linkedin.com/company/burberry,,pinterest.com/burberry,,instagram.com/burberry,,,youtube.com/user/burberry,,N/A - Other - n/a@burberry.com; N/A - Sales - n/a@burberry.com; N/A - Director - n/a@burberry.com; N/A - Manager - n/a@burberry.com; N/A - President - n/a@burberry.com; N/A - Csuite - n/a@burberry.com,Greater London,UK,SW1P,GB,19/04/2022,21/02/2023,30/09/2004,01/03/2023,-,GDPR United Kingdom
carolinehirons.com,shopfloor.carolinehirons.com,$1000,$433126,500000,0,Caroline Hirons,Business And Industrial,70150,34045,154244,Outside Top 1m,ph:,info@carolinehirons.com,twitter.com/carolinehirons,facebook.com/carolinehironsofficial,,,pinterest.com/carolinehirons,,instagram.com/carolinehirons,,,,,,Birmingham,WMID,B1,GB,12/04/2021,03/02/2023,31/01/2011,16/02/2023,-,GDPR United Kingdom
carthrottle.com,shop.carthrottle.com;store.carthrottle.com;uk.carthrottle.com;us.carthrottle.com,$2000,,1500000,10,Car Throttle Limited,Automotive And Vehicles,4247,406439,12836,58020,ph:,sales@carthrottle.com,,facebook.com/carthrottle,,,,,instagram.com/carthrottle,,,youtube.com/user/carthrottle,,N/A - Other - n/a@carthrottle.com; N/A - Sales - n/a@carthrottle.com; N/A - Manager - n/a@carthrottle.com; N/A - Csuite - n/a@carthrottle.com,Fitzrovia,ENG,W1T 2QB,GB,15/02/2014,16/02/2023,15/12/2008,01/03/2023,-,GDPR United Kingdom
chasing-fireflies.com,chasing-fireflies.com,$1000,$235865,0,10,Chasing Fireflies,Style And Fashion,25409,573234,190261,Outside Top 1m,ph:+1-800-503-6702;+1-800-989-4510,customerservice@chasing-fireflies.com;service@cs.chasing-fireflies.com,,facebook.com/chasingfireflies,,,pinterest.com/chasingfireflie,,instagram.com/chasingff,,,,,N/A - Whois - n/a@chasing-fireflies.com,Borden,IN,47106,US,26/03/2020,01/03/2023,02/05/2006,01/03/2023,-,GDPR United Kingdom
choies.com,shop.choies.com,$1000,$16556,100000,0,CHOIES PRIVACY POLICY TERMS &,Style And Fashion,136239,470567,52643,Outside Top 1m,ph:,service@choies.com,twitter.com/choiescloth,facebook.com/choiescloth,,,pinterest.com/choies,,instagram.com/choiesclothing,,,youtube.com/user/choiesclothes,,N/A - Marketing - n/a@choies.com; N/A - Sales - n/a@choies.com; N/A - Manager - n/a@choies.com; N/A - Founder - n/a@choies.com,London,LND,W1B,GB,22/11/2016,25/01/2023,12/05/2012,22/02/2023,-,GDPR United Kingdom
cochrane.org,store.cochrane.org,$2000,$2203226,20000,10,The Cochrane Collaboration,Health And Fitness,9260,8964,2854,74145,ph:+44-207-1837503;+1-503-220-3406;+1-876-927-2984;+44-1845-643192;+1-410-502-4623;+44-30-31231113,techsupport@cochrane.org;admin@cochrane.org;support@cochrane.org,twitter.com/cochraneaus,facebook.com/cochranepapas,,,,,instagram.com/cochraneorg,,,youtube.com/user/cochranecollab,,N/A - Whois - n/a@cochrane.org; N/A - Other - n/a@cochrane.org; N/A - Director - n/a@cochrane.org; N/A - Manager - n/a@cochrane.org,London,ENG,W1G,GB,08/12/2020,21/02/2023,22/01/2004,01/03/2023,-,GDPR United Kingdom
corset-story.com,corset-story.com,$2000,$296608,100000,1,Corset Story Ltd,Style And Fashion,23729,629448,736136,Outside Top 1m,ph:,sales@corset-story.com;wholesale@corset-story.com,twitter.com/corsetsuk,facebook.com/corsetsuk,,,pinterest.com/corsetsuk,,instagram.com/corsetstory,,,youtube.com/user/corsetsuk,,,Warwick,ENG,CV34,GB,08/06/2018,22/02/2023,25/11/2010,22/02/2023,-,GDPR United Kingdom
crockettandjones.com,crockettandjones.com,$2000,$212279,300000,10,Crockett & Jones,Style And Fashion,69132,1226697,147732,Outside Top 1m,ph:+44-1604-631515;+44-870-7606812,info@crockettandjones.com,twitter.com/crockettjones,facebook.com/crockettandjones,linkedin.com/company/crockett-and-jones-limited,,pinterest.com/crockettjones,,instagram.com/crockettandjones_official,,,,,N/A - Founder - noemail,Northampton,Northamptonshire,NN1,GB,02/03/2021,01/03/2023,04/01/2012,01/03/2023,-,GDPR United Kingdom
culturesonar.com,shop.culturesonar.com,$1000,$20335,1000,0,CultureSonar,Art And Entertainment,52725,444390,312735,Outside Top 1m,ph:,,twitter.com/culturesonar,facebook.com/culturesonar,,,pinterest.com/culturesonar,,instagram.com/culturesonarpix,,vimeo.com/culturesonar,,,N/A - Bizdev - noemail; N/A - Founder - noemail,Liverpool,Merseyside,L8,GB,20/04/2017,16/02/2023,09/11/2015,23/02/2023,-,GDPR United Kingdom
cupshe.com,cupshe.com,$5000,$762488,1000000,1,Cupshe Inc,Style And Fashion,14376,41938,95234,12569,ph:,service@cupshe.com;legal@cupshe.com,twitter.com/cupshe2015,facebook.com/cupsheofficial,,,pinterest.com/cupshe,,instagram.com/cupshe,,,,tiktok.com/@cupsheofficial,,Manchester,Greater Manchester,M1,GB,24/03/2015,23/02/2023,24/03/2015,23/02/2023,-,GDPR United Kingdom
curvykate.com,curvykate.com,$2000,$591437,200000,10,Curvy Kate Ltd,Style And Fashion,28719,34576,249622,Outside Top 1m,ph:+1-208-861-3111;+44-208-8611945,sales@curvykate.com;customersupport@curvykate.com;support@curvykate.com,twitter.com/curvykate,facebook.com/curvykate,,,pinterest.com/curvykate,,instagram.com/curvykate,,,,,N/A - Marketing - n/a@curvykate.com; N/A - Other - n/a@curvykate.com,Uxbridge,ENG,UB8,GB,30/09/2020,01/03/2023,01/02/2009,01/03/2023,-,GDPR United Kingdom
cyclist.co.uk,cyclist.co.uk/*;do.cyclist.co.uk;shop.cyclist.co.uk;cdn1.cyclist.co.uk;cdn2.cyclist.co.uk,$1000,,50000,0,Dennis Publishing Limited,Art And Entertainment,47792,43090,33634,182704,ph:,editorial@cyclist.co.uk,twitter.com/cyclist,facebook.com/cyclistmag,,,,,instagram.com/cyclist_mag,,,,,N/A - Software - noemail; N/A - Other - noemail; N/A - Marketing - noemail; N/A - Sales - noemail; N/A - Director - noemail; N/A - Manager - noemail; N/A - President - noemail,Croydon,ENG,CR0,GB,26/12/2017,16/02/2023,11/01/2014,28/02/2023,-,GDPR United Kingdom
kaaum.com,kaaum.com,$1000,$89531,0,0,Kaaum,Style And Fashion,14756,21581280,Outside Top 1m,Outside Top 1m,ph:,contact@kaaum.com,,,,,,,,,,,,,London,LND,W1B,GB,22/11/2016,17/01/2023,06/11/2011,21/02/2023,-,GDPR United Kingdom
kano.me,kano.me,$5000,$466696,20000,10,Kano Computing Ltd,Technology And Computing,25920,427268,58626,208688,ph:,privacy@kano.me;hello@kano.me;press@kano.me;finance@kano.me;sales@kano.me,twitter.com/teamkano,facebook.com/kanocomputing,linkedin.com/company/kano-computing,,,,instagram.com/teamkano,,,youtube.com/user/kanocomputing,,N/A - Other - noemail; N/A - Marketing - noemail; N/A - Manager - noemail; N/A - President - noemail; N/A - Founder - noemail,London,LND,,GB,30/05/2013,21/02/2023,31/01/2013,01/03/2023,-,GDPR United Kingdom
kew.org,shop.kew.org;prints.kew.org,$2000,$2257729,500000,1000,Royal Botanic Gardens  Kew,Science,115484,7856,5456,56618,ph:+44-1444-894067;+1-203-286-0822;+1-208-332-3123;+1-208-332-3200,friends@kew.org;licensing@kew.org;webteam@kew.org;archives@kew.org;webmaster@science.kew.org;info@kew.org;privacy@kew.org,twitter.com/kewgardens,facebook.com/kewgardens,,,pinterest.com/kewonlineshop,,instagram.com/kewgardens,,,youtube.com/user/kewgardens,,N/A - Engineering - n/a@kew.org; N/A - Sales - n/a@kew.org,Richmond,ENG,TW9,GB,02/05/2018,20/02/2023,20/10/2003,01/03/2023,-,GDPR United Kingdom
keypublishing.com,shop.keypublishing.com,$1000,$21407,100,10,Key Publishing Ltd,Business And Industrial,94518,484940,81715,Outside Top 1m,ph:+44-1780-480404;+44-77-36635916,info@keypublishing.com,twitter.com/publishingkey,,,,,,,,,,,N/A - Bizdev - n/a@keypublishing.com; N/A - Other - n/a@keypublishing.com; N/A - Marketing - n/a@keypublishing.com; N/A - Sales - n/a@keypublishing.com; N/A - Director - n/a@keypublishing.com; N/A - Csuite - n/a@keypublishing.com,Ryhall,ENG,PE9,GB,27/02/2022,20/02/2023,27/05/2002,27/02/2023,-,GDPR United Kingdom
killstar.com,killstar.com,$5000,$616749,1500000,0,KILLSTAR - UK Store,Style And Fashion,17670,555837,178658,38408,ph:,info@killstar.com;contact@killstar.com;sales@killstar.com;customerservice@killstar.com;privacy@killstar.com,twitter.com/killstar,facebook.com/killstar,,,pinterest.com/killstarco,,instagram.com/killstar,,,youtube.com/user/killstarclothing,tiktok.com/@killstarco,N/A - Unknown - n/a@killstar.com,Glasgow,DUNB,G3,GB,30/05/2013,22/02/2023,30/05/2013,22/02/2023,-,GDPR United Kingdom
nationalarchives.gov.uk,shop.nationalarchives.gov.uk;imagesales.nationalarchives.gov.uk,$2000,$208680,10000,100,The National Archives,Business And Industrial,16282,3838,1565,41118,ph:+44-1625-524510;+44-30-31231113;+1-208-392-5394,enquiry@nationalarchives.gov.uk;press@nationalarchives.gov.uk,,facebook.com/thenationalarchives,,,,,instagram.com/nationalarchivesuk,,,youtube.com/user/nationalarchives08,,N/A - Other - n/a@nationalarchives.gov.uk; N/A - Director - n/a@nationalarchives.gov.uk; N/A - Manager - n/a@nationalarchives.gov.uk; N/A - Csuite - n/a@nationalarchives.gov.uk,Richmond,ENG,TW9,GB,16/09/2020,20/02/2023,30/09/2004,01/03/2023,-,GDPR United Kingdom
nationaltheatre.org.uk,shop.nationaltheatre.org.uk,$2000,$469210,400000,100,The Royal National Theatre,Art And Entertainment,44333,10170,13202,121352,ph:,boxoffice@nationaltheatre.org.uk;feedback@nationaltheatre.org.uk;support@nationaltheatre.org.uk;press@nationaltheatre.org.uk,twitter.com/nationaltheatre,facebook.com/nationaltheatre,,,,,instagram.com/nationaltheatre,,,,,N/A - Support - n/a@nationaltheatre.org.uk; N/A - Other - n/a@nationaltheatre.org.uk; N/A - Director - n/a@nationaltheatre.org.uk,South Bank,ENG,SE1,GB,16/04/2020,20/02/2023,17/02/2003,01/03/2023,-,GDPR United Kingdom
newscientist.com,shop.newscientist.com,$2000,,500000,0,New Scientist,Business And Industrial,3131,453,495,11151,ph:+1-636-736-4901;+1-781-734-8770;+61-29-4222038;+44-207-6111204,letters@newscientist.com;enquiries@newscientist.com;subscribe@newscientist.com;subscriptions@newscientist.com;feedback@newscientist.com;privacy@newscientist.com,twitter.com/newscientist,facebook.com/newscientist,,,pinterest.com/newscientist,,instagram.com/newscientist,,,,,N/A - Engineering - n/a@newscientist.com; N/A - Other - n/a@newscientist.com; N/A - Marketing - n/a@newscientist.com; N/A - Sales - n/a@newscientist.com; N/A - Director - n/a@newscientist.com; N/A - Manager - n/a@newscientist.com; N/A - President - n/a@newscientist.com; N/A - Csuite - n/a@newscientist.com,London,LND,WC1V,GB,02/12/2019,01/03/2023,30/09/2002,01/03/2023,-,GDPR United Kingdom
nickcave.com,shop.nickcave.com;shop-eu.nickcave.com;shop-us.nickcave.com;storeau.nickcave.com;shop-au.nickcave.com;store.nickcave.com;shop-uk.nickcave.com;storena.nickcave.com,$1000,$21408,500000,0,Nick Cave & the Bad Seeds,Art And Entertainment,123568,445149,40544,Outside Top 1m,ph:,,twitter.com/nickcave,facebook.com/nickcaveandthebadseeds,,,,,instagram.com/nickcaveofficial,,,youtube.com/user/nickcavetv,,,Reading,BERK,RG1,GB,03/10/2016,21/02/2023,31/12/2005,22/02/2023,-,GDPR United Kingdom
nixplay.com,nixplay.com,$5000,$604269,5000,10,Nixplay,Shopping,24351,415876,184457,11245,ph:+1-855-649-7529,support@nixplay.com,twitter.com/nixplaycloud,facebook.com/nixplay.cloud,linkedin.com/company/nixplay,,,,instagram.com/nixplaycloud,,,,,N/A - Other - noemail,,,,GB,02/07/2019,01/03/2023,15/09/2013,01/03/2023,-,GDPR United Kingdom
nspcc.org.uk,shop.nspcc.org.uk,$2000,$39722,50000,1000,NSPCC,Health And Fitness,109087,15577,6470,54334,ph:+44-808-8005000;+44-1752-422577;+44-203-7729287;+44-30-31231113,help@nspcc.org.uk,twitter.com/nspcc,facebook.com/nspcc,linkedin.com/company/nspcc,,,,instagram.com/nspcc_official,,,youtube.com/user/nspcc,,N/A - Board - n/a@nspcc.org.uk; N/A - Manager - n/a@nspcc.org.uk,London,ENG,EC2A,GB,20/01/2018,20/02/2023,18/10/2000,01/03/2023,-,GDPR United Kingdom
officialcharts.com,shop.officialcharts.com,$2000,,50000,10,,Art And Entertainment,16240,409357,12151,36739,ph:+44-30-31231113,commercial@officialcharts.com;feedback@officialcharts.com,twitter.com/officialcharts,facebook.com/officialcharts,,,,,instagram.com/officialcharts,,,,,,Greater London,UK,W1F,GB,15/11/2021,21/02/2023,20/10/2003,01/03/2023,-,GDPR United Kingdom
ohpolly.com,ohpolly.com,$5000,$595068,3000000,10,Oh Polly UK,Style And Fashion,20145,442089,131077,37654,ph:,hello@ohpolly.com;privacy@ohpolly.com,twitter.com/ohpolly,facebook.com/ohpollyfashion,,,pinterest.com/ohpollyfashion,,instagram.com/ohpolly,,,,tiktok.com/@ohpolly,N/A - Director - noemail; N/A - Other - noemail,Glasgow,Glasgow City,G2,GB,02/03/2022,24/02/2023,17/12/2014,24/02/2023,-,GDPR United Kingdom
tatler.com,store.tatler.com,$2000,,100,0,Tatler,Law  Govt And Politics,32039,13650,11969,47249,ph:+1-207-499-9080,,twitter.com/tatleruk,facebook.com/tatleruk,,,,,instagram.com/tatleruk,,,youtube.com/user/tatleruk,,N/A - Other - noemail; N/A - Csuite - noemail,,,,,17/11/2020,08/02/2023,23/10/2005,01/03/2023,-,GDPR United Kingdom
tentsile.com,tentsile.com,$2000,$342202,150000,1,Tentsile Ltd,Business And Industrial,155363,459127,153690,Outside Top 1m,ph:+1-801-791-6061;+1-801-675-5213;+1-208-361-9220;+1-541-241-8051;+1-801-783-9773;+44-1379-774646;+44-78-83100857,info@tentsile.com;support@tentsile.com;marketing@tentsile.com;shipping@tentsile.com;sales@tentsile.com,twitter.com/tentsile,facebook.com/tentsile,,,pinterest.com/tentsile,,instagram.com/tentsile,,,,,N/A - Bizdev - n/a@tentsile.com; N/A - Whois - n/a@tentsile.com; N/A - Marketing - n/a@tentsile.com; N/A - Manager - n/a@tentsile.com; N/A - Founder - n/a@tentsile.com,Greater London,UK,N11,GB,28/11/2013,16/02/2023,08/03/2012,16/02/2023,-,GDPR United Kingdom
the1975.com,the1975.com/*;storeus.the1975.com,$1000,$13952,3000000,0,The 1975,Art And Entertainment,97760,400214,131616,Outside Top 1m,ph:,,twitter.com/the1975,facebook.com/the1975,,,,,instagram.com/the1975,,,,,,London,Greater London,W1D,GB,25/06/2017,01/03/2023,21/07/2012,01/03/2023,-,GDPR United Kingdom
thebar.com,thebar.com,$5000,$629478,1000,1,The Bar UK,Food And Drink,72961,724331,136338,271200,ph:,,twitter.com/thebar_gb,facebook.com/thebar.gb,,,,,instagram.com/thebargb,,,youtube.com/user/thebargb,,,Belfast,NIR,BT1,GB,02/04/2021,21/02/2023,23/01/2005,01/03/2023,-,GDPR United Kingdom
thebeatles.com,usastore.thebeatles.com,$2000,$428222,3000000,0,Apple Corps Ltd,Art And Entertainment,33928,11237,12803,Outside Top 1m,ph:+1-207-761-9600;+44-207-7619600,,twitter.com/thebeatles,facebook.com/beatles,,,,,,,,,,N/A - Founder - n/a@thebeatles.com; N/A - Other - n/a@thebeatles.com,Liverpool,Merseyside,L8,GB,20/09/2022,21/01/2023,08/05/2008,01/03/2023,-,GDPR United Kingdom
thecanary.co,shop.thecanary.co,$500,$30927,5000,1,The Canary,Law  Govt And Politics,79067,26273,42843,Outside Top 1m,ph:+44-75-20649472,hello@thecanary.co;editors@thecanary.co;membership@thecanary.co,twitter.com/thecanaryuk,facebook.com/thecanaryuk,,,,,instagram.com/thecanaryuk,,,,,N/A - Manager - noemail,Greater London,UK,SE20,GB,02/07/2020,25/01/2023,14/10/2015,23/02/2023,-,GDPR United Kingdom
thegentlemansjournal.com,shop.thegentlemansjournal.com,$1000,,400000,0,,Art And Entertainment,27602,408242,37790,168328,ph:,customercare@thegentlemansjournal.com;info@thegentlemansjournal.com;contact@thegentlemansjournal.com;subscriptions@thegentlemansjournal.com;editorial@thegentlemansjournal.com;advertising@thegentlemansjournal.com;shop@thegentlemansjournal.com,twitter.com/thegentsjournal,facebook.com/thegentlemansjournal,,,pinterest.com/thegentsjournal,,instagram.com/thegentsjournal,,,youtube.com/user/thegentlemansjournal,,N/A - Csuite - noemail; N/A - Founder - noemail,London,ENG,SW1X,GB,02/06/2021,16/02/2023,01/02/2011,21/02/2023,-,GDPR United Kingdom
themacallan.com,themacallan.com/*;shop.themacallan.com;us.themacallan.com;cn.themacallan.com;hk.themacallan.com;usshop.themacallan.com;qausshop.themacallan.com;devshop.themacallan.com,$5000,$440806,2000,1,The Edrington Group Ltd,Real Estate,35032,624619,40222,Outside Top 1m,ph:,webmaster@themacallan.com;contact@themacallan.com,,facebook.com/themacallan,,,,,instagram.com/themacallan_korea,,,,,N/A - Unknown - noemail,,,,GB,05/10/2017,21/02/2023,31/03/2002,01/03/2023,-,GDPR United Kingdom
thepihut.com,thepihut.com,$1000,$207583,2000,1,The Pi Hut,Technology And Computing,30261,408107,31373,206862,ph:,info@thepihut.com;support@thepihut.com;contact@thepihut.com;returns@thepihut.com;privacy@thepihut.com,twitter.com/thepihut,facebook.com/thepihut,linkedin.com/company/thepihut,,pinterest.com/thepihut,,instagram.com/thepihut,,,,,N/A - Whois - noemail; N/A - Other - noemail,Sudbury,SFK,CO10 7UT,GB,20/08/2012,25/02/2023,20/08/2012,25/02/2023,-,GDPR United Kingdom
thesolesupplier.co.uk,shop.thesolesupplier.co.uk,$1000,$219681,1000000,0,The Sole Supplier,Style And Fashion,69373,780816,53485,42118,ph:,info@thesolesupplier.co.uk,twitter.com/thesolesupplier,facebook.com/thesolesupplier,linkedin.com/company/thesolesupplier,,,,instagram.com/thesolesupplier,,,youtube.com/user/thesolesupplier,,N/A - Designer - noemail; N/A - Bizdev - noemail; N/A - Software - noemail; N/A - Engineering - noemail; N/A - Marketing - noemail; N/A - Manager - noemail; N/A - Csuite - noemail,Greater London,UK,EC2A,GB,16/09/2020,21/02/2023,20/01/2014,01/03/2023,-,GDPR United Kingdom
thetablet.co.uk,shop.thetablet.co.uk,$2000,$428848,0,100,The Tablet,Technology And Computing,62002,25096,27183,Outside Top 1m,ph:+44-1858-438736;+44-1903-412996;+44-1903-534041;+44-79-58046147;+44-208-7488484,enquiries@thetablet.co.uk;letters@thetablet.co.uk,,,,,pinterest.com/thetabletuk,,,,,,,N/A - Founder - n/a@thetablet.co.uk,Market Harborough,ENG,LE16,GB,20/11/2020,16/02/2023,06/11/2008,01/03/2023,-,GDPR United Kingdom
three.co.uk,accessories.three.co.uk,$10000,$1329430,150000,1000,Hutchison 3G UK Limited,Technology And Computing,10548,20014,15813,27272,ph:+44-800-3588460;+44-77-82333333;+44-800-3584314;+44-800-0338009;+44-800-0234567;+44-203-4990458;+44-30-01239123;+44-34-32084777;+44-800-0338022;+44-34-52160005,wholesale@three.co.uk;copyright@three.co.uk;socialmedia@three.co.uk,twitter.com/threeuk,facebook.com/threeuk,,,,,instagram.com/threeuk,,,youtube.com/user/three,,,Berkshire,UK,RG2,GB,10/11/2022,16/02/2023,02/10/2010,01/03/2023,-,GDPR United Kingdom
timemaps.com,shop.timemaps.com,$2000,,1000,0,TimeMaps,Education,54343,41271,126872,88996,ph:,info@timemaps.com;sales@timemaps.com,twitter.com/timemaps,facebook.com/timemaps,,,,,,,,youtube.com/user/timemapstv,,N/A - Whois - n/a@timemaps.com; N/A - Other - n/a@timemaps.com,Nottingham,NTT,NG7 1FB,GB,28/09/2012,18/12/2022,21/02/2005,22/02/2023,-,GDPR United Kingdom
tommys.org,shop.tommys.org;shop.dancewithpeppa.tommys.org,$2000,$37979,20000,0,tommys.org Corp,,18191,27585,26852,157968,ph:+44-77-30039361,mailbox@tommys.org;fundraising@tommys.org;corporate@tommys.org,twitter.com/tommys,facebook.com/tommys,linkedin.com/company/tommy,,,,instagram.com/tommys,,,,,N/A - Support - n/a@tommys.org; N/A - Director - n/a@tommys.org; N/A - President - n/a@tommys.org; N/A - Founder - n/a@tommys.org,London,ENG,EC4R,GB,07/06/2021,21/02/2023,26/10/2005,24/02/2023,-,GDPR United Kingdom
triangl.com,triangl.com,$2000,$258911,2000000,100,Triangl,Shopping,113189,439967,138991,52201,ph:,customercare@triangl.com;returns@triangl.com;press@triangl.com;privacy@triangl.com,,facebook.com/trianglofficial,,,,,instagram.com/triangl,,,,tiktok.com/@triangl,N/A - Other - n/a@triangl.com; N/A - Director - n/a@triangl.com; N/A - Manager - n/a@triangl.com; N/A - President - n/a@triangl.com,Jersey Channel Islands,UK,JE3,GB,31/03/2015,22/02/2023,07/02/2011,22/02/2023,-,GDPR United Kingdom
trustedreviews.com,licensing.trustedreviews.com,$500,,2000,0,TI Media Limited,Technology And Computing,2729,9108,3283,29274,ph:,photos@trustedreviews.com;news@trustedreviews.com;research@trustedreviews.com;editor@trustedreviews.com,twitter.com/trustedreviews,facebook.com/trustedreviews,linkedin.com/company/11763107,,pinterest.com/trustedreviews,,instagram.com/trustedreviews,,,youtube.com/user/trustedreviews,,N/A - Marketing - n/a@trustedreviews.com; N/A - Director - n/a@trustedreviews.com,Greater London,UK,WC2B,GB,05/08/2018,20/12/2022,04/01/2007,21/02/2023,-,GDPR United Kingdom
twinkl.co.uk,shop.twinkl.co.uk,$2000,$429492,5000,1000,Twinkl Limited,,59187,15878,12342,8010,ph:,hello@twinkl.co.uk;info@twinkl.co.uk;help@twinkl.co.uk;privacy@twinkl.co.uk;copyright@twinkl.co.uk,twitter.com/twinklusa,facebook.com/twinklusa,linkedin.com/company/twinkl-ltd,,pinterest.com/twinklresources,,instagram.com/twinklusa,,,,,N/A - Support - noemail,Sheffield,SYORK,S1,GB,05/08/2018,25/01/2023,10/02/2010,01/03/2023,-,GDPR United Kingdom
